{"ACL": [4.051983833312988, 3.1414573192596436], "ICCBR": [7.484184741973877, 4.019345760345459], "ECCV": [6.151029109954834, 5.171748161315918], "PPSN": [8.516352653503418, 4.255005359649658], "IJCNLP": [3.850491762161255, 3.001957893371582], "ICML": [7.103790760040283, 5.302822113037109], "GECCO": [8.479588508605957, 4.942824363708496], "AAMAS": [7.382700443267822, 4.739081859588623], "ICRA": [7.8642964363098145, 2.823848009109497], "AAAI": [7.573904991149902, 5.345136642456055], "IJCNN": [6.6736860275268555, 3.9563679695129395], "CADE": [8.295965194702148, 2.8226969242095947], "NeurIPS": [7.935851573944092, 5.132430076599121], "WACV": [5.684210777282715, 5.333930969238281], "ACMMM": [6.467155456542969, 5.019038677215576], "COLT": [8.735279083251953, 3.826002359390259], "ICAPS": [8.255188941955566, 5.399160385131836], "EMNLP": [3.724065065383911, 2.726607322692871], "ACCV": [5.7039031982421875, 4.953286170959473], "CVPR": [5.979295253753662, 5.599172115325928], "AISTATS": [8.067705154418945, 5.689773082733154], "NAACL": [4.0620012283325195, 2.7101922035217285], "ECML": [6.9237895011901855, 3.0736465454101562], "CPM": [8.065275192260742, 3.100477933883667], "EACL": [4.527019500732422, 2.9641849994659424], "ECML-PKDD": [7.023591995239258, 3.5778820514678955], "IJCAI": [7.654899597167969, 4.455122470855713], "ICCV": [5.8463568687438965, 4.869076728820801], "COLING": [4.49860954284668, 3.389333963394165], "CP": [8.593024253845215, 3.2414398193359375], "CoNLL": [4.243387699127197, 3.4136452674865723], "ICONIP": [6.726438045501709, 4.508140563964844], "UAI": [8.05455493927002, 4.20527458190918], "ECAI": [7.949210166931152, 3.6895148754119873], "FUZZ-IEEE": [7.391489028930664, 3.491124391555786], "KR": [8.271756172180176, 3.5571448802948]}